ID,Player1,Player2,Player3,Player4,Player5
1,4102,9959,5202,5349,8643
2,4423,4433,2194,5625,9610
3,6229,2209,2702,8785,8178
4,667,2410,3335,1130,7138
5,3972,718,1213,9801,882
6,3920,9964,5337,5395,6254
7,4570,7084,3943,6788,7624
8,4557,4613,3518,3492,3864
9,861,1159,6159,4989,4459
10,3982,5140,2207,1575,2017
11,1577,2131,9528,2056,3682
12,6959,3955,8458,107,8026
13,5300,559,3212,5820,8896
14,4717,1022,7063,1921,8773
15,5222,1265,4698,9387,4331
16,3479,4154,1522,1056,2774
17,7455,7668,7169,3172,5391
18,4578,5275,6012,1360,1995
19,9242,1036,8843,6444,2780
20,9570,5258,8167,3256,2230
21,5087,4314,1112,3068,2155
22,3778,9936,8946,5525,9143
23,9831,1924,9152,7870,377
24,7276,4288,9227,8728,7214
25,7626,1637,3517,7342,4377
26,1432,1251,6618,9489,2760
27,4103,5030,7431,8830,7953
28,5727,7174,4903,7822,8827
29,154,6019,5197,3540,9866
30,8582,3387,717,9776,927
31,851,9778,2120,3484,2839
32,3171,2089,2877,5398,405
33,8589,7045,5643,7584,2815
34,6782,5645,7951,4567,2646
35,1660,7720,9840,7619,9711
36,8475,6247,6874,9144,8939
37,3243,7922,8744,9271,4063
38,9375,7647,9217,8210,7791
39,1840,1527,957,9248,4236
40,9331,1295,5104,6128,5599
41,3772,6473,3953,5671,1359
42,9466,15,8233,4299,5978
43,1227,7109,446,3136,1481
44,281,4356,4999,27,4160
45,2997,3661,8806,1300,3954
46,5022,9762,7355,1681,1081
47,2557,6982,2271,2826,5213
48,9921,7122,8271,6158,2393
49,7278,4554,9667,722,5182
50,2521,9747,5486,8858,8431
51,2968,1636,5165,4070,3333
52,7316,815,8837,5473,5308
53,4968,8330,4855,5479,2305
54,2123,5731,5871,4689,1830
55,9075,4602,418,7224,8358
56,5062,5131,8195,8980,487
57,1413,8463,7800,4671,1
58,1586,3025,857,8842,9019
59,5114,8713,2143,5370,8653
60,6686,1512,8036,1574,7785
61,7602,6644,2153,7444,1013
62,7180,5590,9592,6947,5327
63,7196,6507,9336,8374,2569
64,5404,7707,3861,2454,49
65,3525,1314,492,5240,4889
66,6238,2604,5423,2838,8325
67,8845,3547,905,8420,8497
68,4211,9416,194,1706,2478
69,675,8079,2197,5017,6698
70,3409,1882,855,8860,1600
71,4162,5292,7482,8037,3872
72,2365,2411,5253,4000,7973
73,3652,382,5774,6208,6369
74,7089,9442,5967,6765,4215
75,6499,3775,7076,5280,7750
76,7311,1588,4679,9894,5839
77,297,2829,8118,8774,9830
78,227,4881,2242,7782,8408
79,8805,4226,1328,2300,8975
80,704,3552,371,779,2828
81,8157,5629,4212,1829,2522
82,8169,9618,424,511,2388
83,8749,733,7526,4093,9464
84,8503,697,3681,6428,5137
85,5314,7878,643,8120,9225
86,972,5271,3959,9541,6750
87,9004,9765,2489,1315,6779
88,4214,9051,4627,7634,9392
89,8287,1379,7091,7621,7442
90,3366,2922,5369,7331,8012
91,7682,3107,9557,372,313
92,4691,3837,646,8568,1827
93,6663,7287,5109,1287,2916
94,165,2710,1518,8334,8220
95,340,8229,8444,6295,2459
96,7684,2282,1739,2139,7902
97,6260,1984,125,8758,7797
98,9787,7549,8413,3249,756
99,3529,5717,7188,6372,3985
100,5019,1550,3444,3385,4913
101,2615,3147,593,5971,909
102,4448,6606,3154,3188,2280
103,6039,3653,1645,1478,282
104,4709,4789,6056,8571,5013
105,6588,8245,3956,1034,6098
106,2288,5907,8041,6789,1591
107,1294,3757,3094,626,1049
108,8085,3647,5605,7498,1122
109,1536,7011,7601,9536,440
110,6524,702,6747,9422,6210
111,8000,5811,4979,8800,1357
112,9303,4042,6991,1258,7739
113,6228,7440,4431,3601,1611
114,373,3279,8514,7164,9014
115,2164,4373,2502,4265,6007
116,2314,7439,5454,4252,8593
117,470,4435,862,9074,4044
118,2299,3092,3160,8977,2493
119,7950,7320,654,3666,7908
120,1139,439,6861,814,1143
121,4188,846,5425,6804,8933
122,6971,1289,8448,1339,4890
123,1272,9876,8099,1721,3635
124,2793,1298,2341,4577,872
125,6820,8183,2830,7857,4376
126,1834,6876,6583,8849,1668
127,434,3746,5195,5438,9589
128,4234,1605,7676,2859,1942
129,6120,1580,3634,4754,4097
130,444,4907,8320,4594,3714
131,573,8538,3604,5889,8318
132,9595,9002,2402,148,3870
133,6849,2429,6005,5953,8649
134,9616,6728,8267,7252,8464
135,6720,7547,9686,7378,2371
136,6530,7395,6219,6330,7659
137,5685,785,9278,7102,5149
138,7452,90,5037,6371,38
139,1269,7716,3509,9549,3229
140,4623,6073,7005,2289,4843
141,1773,9502,2037,5086,5432
142,53,5161,7913,5420,1140
143,168,2553,9580,7429,13
144,4221,7984,8209,7414,8034
145,5026,9050,1152,3476,396
146,5986,6333,4528,1083,3701
147,6525,4393,2020,5115,9811
148,9353,1263,6654,2081,8277
149,4618,3708,5878,6870,7114
150,4183,6002,4830,6921,3407
151,8001,66,1901,5935,2849
152,1936,8677,2979,2218,497
153,6677,2665,441,7379,1926
154,3862,409,6570,3155,6486
155,3451,4523,4428,1108,9965
156,1197,4178,4372,5397,1735
157,182,5187,8072,4227,2267
158,6000,9750,9171,9788,2926
159,3921,4730,1416,9924,2649
160,7695,1418,3494,9311,2967
161,7729,8617,9890,4092,8268
162,6601,5903,2038,1719,5537
163,3455,813,1998,5063,8286
164,1397,3876,5792,3400,3379
165,9655,3066,2019,9748,7266
166,3571,7809,7806,8109,2018
167,3096,1563,264,3126,2243
168,9062,7691,6188,6510,1198
169,9578,5392,3796,3648,4017
170,3367,644,8039,3786,2544
171,7369,7360,8897,6124,715
172,3868,987,6271,4779,6856
173,9323,9463,7353,7802,679
174,9131,5827,2193,6642,5983
175,3239,2295,1804,3522,426
176,1134,6758,6024,3942,5715
177,5552,532,7609,437,1344
178,8991,7139,725,2292,4292
179,6772,9040,2405,8522,1205
180,4555,7257,6445,822,1663
181,7194,3513,3419,164,5662
182,4335,2076,2274,5431,1126
183,7443,3183,7231,5103,4729
184,1253,3433,4676,4778,1484
185,5348,7988,6924,9768,7067
186,9712,8566,1201,7614,3794
187,2380,3819,3434,1786,2008
188,6244,4667,3565,6157,2168
189,5100,2542,3373,3395,6846
190,4480,6175,5946,1184,2803
191,9945,3535,2082,3110,3737
192,4678,9325,2196,4703,2227
193,1448,3605,7685,1498,4272
194,6569,7776,9999,7956,812
195,6009,653,336,6923,284
196,3459,601,7480,7423,8457
197,8929,1976,7849,1679,3705
198,9914,9281,3493,1842,5470
199,4616,1598,9362,4487,2011
200,7969,7055,3502,9379,650
201,8983,9995,7334,4805,2210
202,2896,5490,9049,6434,2652
203,1744,8523,5028,3262,3151
204,4304,8060,5698,8224,5640
205,860,5676,5864,2881,2752
206,453,7564,5463,8421,5009
207,7085,623,6626,2480,5558
208,7832,8110,4651,9648,951
209,7555,8752,9371,5058,5166
210,6018,2775,4305,2236,3721
211,3200,881,7698,4697,7106
212,6665,5072,8913,6061,4580
213,4181,3743,3090,3671,1242
214,4719,6469,2888,7234,8651
215,2725,3904,8698,6829,817
216,6503,8008,6285,8465,5741
217,1884,8203,2180,5988,4451
218,5221,7221,7891,8825,3456
219,1951,9313,629,8995,4582
220,6221,4783,886,1525,6586
221,9966,7772,3781,4330,5367
222,7728,8125,5520,5781,6113
223,1006,4076,2929,3219,8472
224,9333,5528,4984,7824,3590
225,7064,1584,9911,7756,5835
226,9893,932,3670,7909,996
227,3593,20,4051,6087,2965
228,3988,3999,1047,8936,6513
229,1441,8283,2640,1968,332
230,2326,8659,1046,8667,9763
231,2998,9490,1738,6567,2256
232,8179,1758,6641,4408,9997
233,6488,4645,904,6528,1209
234,4201,8502,4310,2503,7162
235,8885,8269,8754,7837,3497
236,1245,3174,6634,1602,8682
237,5993,998,2452,3706,7774
238,8152,7299,7851,8665,5882
239,2195,442,6645,793,1885
240,8087,1789,9236,7958,5203
241,659,6895,3437,7578,8981
242,6541,7807,5048,5254,5916
243,1851,352,6831,2319,7603
244,2743,2043,7168,4720,4936
245,7752,3744,818,7200,1589
246,447,5851,2767,631,6222
247,3240,9545,9250,4187,105
248,8092,8089,7271,351,8381
249,847,9700,2278,3251,9275
250,7427,5758,1155,8729,485
251,3891,225,5751,7023,7876
252,3883,387,2492,6399,1019
253,1193,2108,311,9859,5429
254,3388,1480,5655,423,8833
255,5713,1691,6990,2137,3223
256,8402,9318,3632,2629,5157
257,8355,7546,6378,4775,4368
258,8781,8561,3643,2175,9213
259,153,8473,6910,9669,2339
260,374,995,8888,2901,9308
261,7858,430,1892,6359,938
262,8615,1979,2167,7992,1231
263,9952,3386,7972,7933,5092
264,7730,2059,6286,1920,566
265,5230,4684,1142,7497,2507
266,2628,7539,6066,5379,3913
267,2368,7714,87,2270,3991
268,4948,5595,5269,9836,8417
269,299,3759,5553,1551,9381
270,2647,146,7726,5609,6506
271,6008,4838,5011,1297,2161
272,7804,8541,1447,4119,7392
273,5936,9112,4404,5759,5353
274,7604,6185,7233,3615,91
275,9875,1869,543,2670,4956
276,9431,6762,9522,175,6014
277,4780,3700,9684,2941,2902
278,8460,283,7241,1548,9512
279,4378,2470,3002,7929,5340
280,577,5787,9400,5817,1326
281,836,9453,5214,7039,9927
282,180,3850,1618,2722,5573
283,7627,3650,8607,416,6416
284,3392,9614,5973,2050,9030
285,70,5151,1445,7346,2224
286,5994,4439,1731,4882,921
287,4950,8605,9947,466,3401
288,3769,8733,3065,3009,1493
289,622,1374,7686,6715,306
290,762,1655,40,875,7137
291,9773,8148,3127,1511,4502
292,4492,4399,7889,391,4392
293,2215,7008,2749,3625,9491
294,2240,2687,8994,9907,6941
295,8117,9184,2940,3835,4146
296,1395,683,4464,4197,5276
297,7924,5266,7989,5225,2572
298,2091,4732,1492,3217,2075
299,6533,5867,7131,547,6623
300,3747,1002,6374,5462,326
301,3511,9282,2904,6156,7622
302,2263,4105,5532,1871,4701
303,5363,2376,575,3287,5991
304,5905,2232,1689,3289,6213
305,7419,2790,4973,1495,8610
306,4565,3783,534,2348,2994
307,443,8486,2578,2766,9234
308,9538,6283,1337,7012,5175
309,2113,1174,5320,3720,1799
310,3445,7641,5229,1312,8814
311,457,604,3833,1349,4131
312,9736,9459,2258,4003,8680
313,9724,2517,5447,1913,4135
314,9137,7136,6932,560,8606
315,4702,618,706,585,1093
316,9409,2432,4751,6689,8455
317,8509,7097,4635,8347,5482
318,8818,9524,4275,4104,3710
319,8887,5500,4466,4656,1808
320,2456,8428,726,1950,4046
321,9630,1775,6648,9320,4078
322,2884,5338,7636,1094,5613
323,5375,4928,6595,6917,1670
324,2621,9330,4172,73,7487
325,1987,5849,6089,3725,821
326,7761,5876,2510,221,1235
327,7404,3191,3338,1343,6631
328,3184,3150,1736,703,3149
329,8533,668,8249,3733,1173
330,7667,9205,809,7094,8498
331,1313,8817,9385,5739,3140
332,1059,2099,2590,2235,662
333,3124,7134,5194,1496,9145
334,8973,1685,393,8634,9408
335,2911,9586,5995,8673,4389
336,7987,303,6930,5938,1710
337,4510,5005,2731,5628,7675
338,4269,3230,2135,3079,9356
339,5694,3403,4501,8066,3075
340,7007,6655,6096,4899,9066
341,4235,7817,4052,8303,4407
342,2024,5025,6827,6199,1004
343,9029,8846,5813,7981,5719
344,9783,7279,6907,3514,98
345,4180,2391,5922,2516,4734
346,1801,1992,1076,9678,1015
347,2384,4733,1058,1430,395
348,4513,7100,9314,4089,7326
349,5365,5518,159,1902,3830
350,4861,3592,602,2260,8925
351,5545,9090,728,1980,3724
352,9393,2359,3077,1863,9761
353,4079,2169,4816,2673,199
354,4264,9814,8482,4935,6262
355,2850,7814,215,2375,628
356,9636,3402,247,9190,1223
357,493,8297,7699,6311,3352
358,7934,4444,6470,1191,6670
359,1156,6132,1609,6085,4202
360,2406,7398,8808,891,5649
361,5544,5767,5270,8442,1061
362,8309,9687,4311,5931,1483
363,7500,7845,7914,5323,7514
364,3785,9170,6342,3696,1116
365,1260,6824,5441,4243,6454
366,4410,2213,366,2958,5468
367,1370,8862,2392,6864,3337
368,102,5985,4418,9352,2626
369,6881,4461,613,4628,4271
370,8042,8322,3265,3298,8691
371,1784,5885,3275,9749,1228
372,8552,8350,6599,4994,6379
373,9036,9410,8771,7249,2133
374,3931,220,5416,5347,3969
375,4957,3761,1720,1862,2468
376,192,5589,4477,3742,8094
377,4919,5626,9508,8361,9189
378,523,5949,558,8598,9343
379,3964,8536,135,7702,251
380,9567,6791,8468,9805,5656
381,6301,6815,7235,9346,9359
382,8296,7453,5164,8054,1249
383,143,5095,1402,8471,4992
384,1821,6884,8116,737,8104
385,1016,7541,696,9210,6481
386,8371,8196,4808,9192,1812
387,6926,3606,5964,9706,4781
388,3983,4336,157,5784,137
389,9565,5710,2269,5853,5900
390,5561,977,3501,5250,2834
391,7671,7960,3802,6718,2335
392,2316,2599,8348,9441,9839
393,4515,5126,804,3672,4704
394,8965,5156,5079,2205,2428
395,9244,8326,174,4343,712
396,6403,9047,1900,3206,4699
397,2781,6553,4725,6722,7605
398,8864,4074,9073,5780,6081
399,1896,9374,9266,8295,672
400,5635,5541,1335,3595,7264
401,7077,4429,2358,591,9367
402,3678,3235,187,8190,787
403,673,9386,3226,8550,4216
404,6691,3313,7898,1424,8046
405,4802,7225,2908,7366,6111
406,9298,8900,4817,3677,9269
407,3884,4829,3845,7465,2211
408,3076,1141,6887,2705,8035
409,6597,9111,592,7220,5310
410,1615,1708,7153,6351,7053
411,9130,144,7380,3020,4711
412,1167,2303,8415,6705,4632
413,7,5879,3218,1932,6778
414,1371,4660,2264,4026,806
415,9792,6086,475,9554,8520
416,4787,5061,7897,404,8382
417,4930,1354,9918,5670,8940
418,1095,4590,407,9829,7935
419,9523,1697,9977,4638,1797
420,2949,9223,3505,5283,1687
421,2878,4840,6092,468,6345
422,8535,6889,9329,9232,4053
423,8438,3663,8847,364,3231
424,5684,6449,3898,9345,798
425,770,8432,2298,7894,4450
426,8968,9335,7347,8839,7504
427,7854,9153,3292,6016,50
428,9979,7022,852,3468,7764
429,2919,2603,3693,7783,6346
430,4281,9180,4254,6657,7095
431,1644,1305,4761,936,3745
432,4100,1008,7642,9810,1905
433,7841,3474,7351,1024,3176
434,4113,2976,6872,7332,5176
435,8646,6041,7265,5267,9057
436,3627,7650,10,9077,111
437,3029,2186,9202,3814,923
438,6873,1469,9694,6573,1543
439,2836,7947,7998,7905,5761
440,7669,9708,4543,4504,363
441,5366,6997,1299,5842,3432
442,9828,9196,1572,7438,2740
443,6830,1933,8198,5136,6192
444,7644,7843,350,5913,7864
445,745,2773,9437,3035,198
446,2367,1113,7882,8676,9412
447,9958,7949,7793,4766,6029
448,2842,2212,7424,8898,9819
449,5201,4034,8545,840,1795
450,5466,2121,1067,6105,5342
451,7441,2296,3857,967,7000
452,612,925,7069,7820,86
453,2971,3550,7057,8779,6683
454,5304,5419,4058,3449,2412
455,3676,5427,3489,8537,634
456,5083,5832,8675,1529,3393
457,5237,5067,509,2345,3932
458,9088,9635,2356,8441,9930
459,970,6033,8031,6749,8494
460,4934,8173,2555,823,6803
461,8701,9639,2129,8414,8855
462,4940,1781,9519,1639,6051
463,4475,811,3795,1040,2157
464,9433,2690,5920,6812,8768
465,8811,5281,4025,4385,8304
466,9428,4427,6875,6925,4193
467,9104,6806,8716,1904,8469
468,8911,5549,7152,7571,3951
469,9926,4284,9218,2187,1815
470,5910,1160,2353,6701,1440
471,7049,2700,7696,7015,5861
472,3587,3541,6598,7765,8263
473,7612,2915,2036,2630,21
474,8525,5437,96,3965,6587
475,7516,1222,7850,9048,1428
476,647,7666,2625,9727,2134
477,8352,467,7617,2138,3022
478,8366,9389,9689,2022,5886
479,2682,7522,2199,2999,2265
480,6574,461,77,4387,1246
481,2352,3178,6211,508,1714
482,5102,8510,2464,4640,6799
483,5181,4769,3798,7749,6435
484,2855,2060,5259,3902,2069
485,9892,4346,408,7982,7978
486,6858,1411,1831,4534,2508
487,8775,8332,7239,5033,312
488,6395,1852,6602,9671,7559
489,4932,2680,6724,8966,6886
490,3194,6855,6998,6321,2389
491,6542,4101,9794,9229,6149
492,7788,4398,929,7031,2932
493,4961,6115,1828,7733,1237
494,7397,6354,2960,3594,6879
495,8935,1009,3970,6714,2166
496,1855,232,2479,2244,8944
497,8436,8466,7288,7175,2333
498,6396,4395,1937,2473,2
499,6585,854,3280,8813,4490
500,7154,4862,7046,8732,2558
501,2602,8250,6934,4432,5377
502,5587,757,581,8902,6912
503,6414,7928,2136,8823,6464
504,8119,2716,4185,3754,1554
505,8199,6126,3168,9091,3129
506,4090,7766,7160,1961,5372
507,8187,5863,2277,3477,3893
508,3221,2734,5210,2374,8232
509,6784,1236,5054,8339,4906
510,3116,9204,3658,1248,4426
511,9971,1723,8519,6206,331
512,997,636,3950,7285,432
513,4742,2840,9465,9844,7747
514,8107,9280,7451,8338,4985
515,3000,4194,5810,6451,8778
516,4245,6021,1063,7374,1711
517,976,9148,6036,9529,4370
518,9438,4630,2158,4995,3148
519,5297,5120,949,3339,9322
520,7582,4976,965,1620,5313
521,5600,4315,8690,7910,1111
522,8679,5806,8547,8757,3480
523,6065,6845,2921,9384,6195
524,9862,4966,1604,5912,2203
525,6783,8962,8695,2484,2010
526,4637,8704,1943,1534,4363
527,3440,9133,3853,2125,4043
528,9998,9922,8489,7530,4797
529,4425,7104,186,1264,2984
530,1665,3357,1790,3266,5006
531,2903,3098,3838,9235,8613
532,4267,5682,8105,9083,2573
533,5977,4587,4213,5129,5540
534,3346,6197,8043,6500,9176
535,8717,9897,8074,8302,7709
536,699,8024,6341,8181,9129
537,4810,4210,7389,3901,6893
538,4339,3442,1202,7558,6643
539,3044,5637,4421,1972,8426
540,6439,9863,4560,176,9735
541,8517,3611,2174,1513,1952
542,671,1752,3348,4416,3134
543,8231,62,984,7228,4971
544,353,6614,3530,2369,5053
545,2355,6404,1870,5652,2090
546,9239,5285,746,8170,5294
547,6700,7792,9824,4332,3617
548,5380,5807,5047,4776,6218
549,8959,1210,4659,6006,9812
550,7853,1466,2936,6335,5510
551,9954,3844,5672,791,3318
552,5716,6215,2643,7303,5579
553,3004,3680,6071,3244,1729
554,4158,5563,2575,4259,3589
555,478,7781,4977,8963,9414
556,5718,7618,5984,6943,5836
557,625,6866,9851,7048,8926
558,6578,2806,4901,1124,3555
559,1675,5911,8565,7767,8406
560,2715,1887,3038,9513,339
561,7531,4196,3929,4822,6736
562,7996,3548,3411,6913,4207
563,3416,9550,2436,8032,9327
564,9135,2023,4028,2042,2823
565,9498,9094,1464,8692,556
566,6905,3923,4088,464,4871
567,7202,1557,5963,7318,1610
568,1558,9982,5065,769,8379
569,8357,4724,4124,288,1508
570,8954,9424,3198,2993,5066
571,6962,8654,2900,6652,3534
572,7016,574,3054,2568,7260
573,3546,1826,4069,8312,6999
574,1365,9620,4168,8782,4611
575,8343,9740,1649,2204,4256
576,5046,6989,9991,2706,4229
577,5888,4735,8398,8741,7983
578,916,5812,507,571,4120
579,6027,4536,1280,3553,9098
580,5702,6074,8248,8172,7387
581,6068,9993,2737,8461,3321
582,7364,549,6745,263,4467
583,2789,1780,7811,640,3327
584,8769,7689,1770,7340,3603
585,410,3114,2021,4790,903
586,3144,5029,4860,5578,8336
587,4319,2514,8997,8241,7409
588,4658,2141,1648,249,868
589,6047,7460,3911,3334,7306
590,9846,9053,481,1800,6616
591,9857,1692,6678,4280,1680
592,1573,5449,5235,100,3351
593,3622,2247,5516,4556,8389
594,211,6877,7128,5488,3731
595,538,4920,5410,9319,5972
596,4559,2595,1673,1073,222
597,6737,4937,4218,2409,97
598,7613,2950,7406,7448,1039
599,2624,5653,228,3776,2127
600,6867,379,4743,6675,4963
601,1592,2540,6981,4942,2816
602,3470,2396,1254,2458,8134
603,3032,5979,5299,4122,6059
604,9118,7349,2328,3939,3839
605,8342,2283,5666,1737,1438
606,1559,3597,4540,8993,7467
607,6400,4351,7510,5555,8616
608,8672,7208,1953,9321,5315
609,5234,1078,3899,9848,4406
610,6478,8298,1818,4302,3908
611,2068,3730,5503,2220,2668
612,6090,3532,5667,6040,9861
613,7193,8014,6882,4413,7941
614,2403,4965,2475,8272,4471
615,3774,4482,2996,2110,3179
616,3586,6331,865,2457,5158
617,8208,226,4693,3629,1096
618,4004,3888,6739,403,9032
619,1594,5159,2985,1712,9845
620,550,2160,6110,8794,2151
621,9877,1275,7267,2608,2719
622,2534,9881,9925,3827,7054
623,6891,5455,3989,5519,9720
624,7663,7281,7829,8191,7755
625,6797,2924,5753,1717,1066
626,6076,1809,8793,5927,1399
627,603,7509,5576,3790,7113
628,2519,9680,8834,6032,1026
629,9715,83,6302,110,8192
630,7554,2370,3447,401,4715
631,370,5358,6766,4601,5831
632,2765,1787,4998,3276,8844
633,5664,8562,884,4400,9399
634,4884,955,160,8564,4132
635,4886,3981,5778,788,2747
636,9342,1643,3104,1766,2905
637,337,7435,4897,7939,8096
638,7295,4813,4941,3584,9540
639,406,7579,2635,2499,9658
640,1176,5453,451,4606,1262
641,2788,8553,5032,2511,1125
642,8750,9009,436,1973,6671
643,8057,9052,1666,8154,1467
644,5970,3258,8623,5096,4068
645,5121,2030,2491,5399,9943
646,9730,2712,6490,2496,9263
647,140,1106,1135,7247,4877
648,1883,1055,8478,2351,763
649,202,2325,7974,4182,4873
650,4065,9691,5080,7135,1362
651,4447,6958,2460,2869,8236
652,5364,7673,885,6646,5958
653,1166,3880,5262,346,9649
654,4411,4179,8075,60,4824
655,8165,1895,9044,660,6376
656,4983,2607,3162,7532,5800
657,8273,3,3718,1991,1188
658,6164,835,8608,9125,4721
659,9100,9825,7966,9369,6551
660,1552,6674,1168,9427,3662
661,6729,8327,4944,3699,2833
662,9241,1132,2758,4722,8360
663,7116,3877,5665,4716,106
664,898,536,3685,3257,6800
665,9373,9486,8077,7062,1796
666,2179,5044,3360,1389,6549
667,3328,9449,8505,6532,7581
668,3139,4320,7244,9458,7940
669,5282,2449,8095,3055,3816
670,9472,3894,9770,1756,5856
671,9533,6309,9737,2797,7664
672,4289,8627,6467,3070,8193
673,7681,6317,6713,4114,5272
674,3756,5742,9102,5070,7677
675,2315,5898,6792,1891,6612
676,2385,9742,1037,8081,9542
677,5035,9067,5950,5956,4166
678,6649,1599,328,9514,3056
679,5260,469,2787,985,9450
680,3117,3765,2202,7495,2237
681,5556,8424,6391,2098,2627
682,9484,5688,2874,1239,3520
683,12,627,7742,2763,4066
684,4151,5705,6291,2720,3208
685,8528,3569,8922,4610,9642
686,4059,2645,3563,2755,7875
687,707,2061,755,9324,8440
688,1562,6270,9653,8835,2808
689,3598,4027,2219,505,1207
690,5679,2880,6173,5435,7585
691,621,5908,914,9233,8976
692,3130,980,2013,7812,5439
693,3874,5082,6669,3791,8222
694,4911,9198,1907,7035,6450
695,6078,4282,2536,9287,63
696,8746,9273,3773,1342,1590
697,3843,5961,9988,3115,9219
698,7529,8594,8961,9974,2504
699,5728,2776,596,7296,6600
700,5585,2703,9351,2675,7795
701,4369,3760,6455,2281,6131
702,4757,5598,355,7412,9885
703,7413,1341,7004,4326,3024
704,8422,5597,7151,761,9743
705,9731,3435,4584,8569,4497
706,3707,1898,7959,3979,1986
707,8878,6094,2818,2336,2744
708,968,2934,8189,2426,1482
709,4449,8988,1630,1281,3639
710,1709,80,3413,7892,8225
711,3397,892,7284,1974,6751
712,9534,6885,5531,4130,2927
713,5173,5799,8238,6288,8558
714,4574,8629,3314,5012,6147
715,3152,384,5324,3664,7192
716,2130,8904,1625,6169,6801
717,9919,3083,9095,2439,8740
718,6825,2361,5673,128,4649
719,6326,3949,3558,2556,7591
720,4317,9624,2750,6603,4081
721,2779,2200,1367,3675,7610
722,2948,6344,6324,608,6134
723,1212,6180,9401,5251,9729
724,7655,2867,8373,1241,4266
725,6768,8969,5284,8865,1282
726,5608,7456,7840,6497,2397
727,7117,5038,8122,3948,2117
728,1153,9989,6026,8053,4440
729,5386,4505,1811,9304,7863
730,9178,3039,5661,17,1127
731,2128,3496,1832,2679,5077
732,9108,4386,4788,2177,9564
733,2871,1084,6985,6256,5803
734,7159,742,3370,2769,1564
735,5874,2851,3739,6058,4924
736,5451,4915,5762,5362,4049
737,33,219,452,6796,4192
738,6676,1044,9656,6297,2332
739,797,1405,2746,8011,9440
740,8056,3694,7672,6987,3376
741,9702,9933,2576,7932,4753
742,5826,4485,1889,4619,5939
743,2009,7523,9771,6942,6841
744,1965,6287,9786,3342,9612
745,8480,635,3538,385,7724
746,8737,4347,9377,8511,7327
747,4834,4481,4631,5943,2311
748,5701,2587,6107,5198,4240
749,7662,6421,1417,35,678
750,8331,45,9664,6360,8869
751,6515,9692,1762,5755,2523
752,3607,8213,8386,2802,919
753,3871,8595,8974,2809,9978
754,4098,4846,9021,1074,1091
755,76,7365,3207,3384,8745
756,2778,318,5840,7690,41
757,7700,7187,5722,7213,3860
758,4520,4144,6224,362,8294
759,5726,7565,2653,4349,4664
760,5384,7105,5111,4967,5015
761,3787,1985,8874,6251,4278
762,1452,1355,6790,526,6388
763,6492,2786,8184,5730,498
764,1450,460,7061,9869,3412
765,3748,4771,7269,2570,3438
766,327,4609,802,3371,8905
767,3500,5475,6325,4270,5050
768,7075,4084,8938,6527,6099
769,8932,7317,26,4496,104
770,8230,8688,8767,4929,8380
771,1138,9012,513,2546,2149
772,3001,8495,7272,888,4111
773,9593,6777,6303,6438,9723
774,9874,4458,2697,6725,3867
775,4329,5615,8047,2031,259
776,5305,6415,6377,3225,7877
777,9264,3014,2004,5125,5174
778,774,9970,3926,7517,5261
779,3799,4575,8363,9454,54
780,2101,6274,8619,3356,3575
781,3957,250,1682,8451,4208
782,5185,4498,2639,7545,3887
783,2939,9777,8799,4531,3886
784,5014,2887,3941,5408,3698
785,7120,1220,9016,3687,7860
786,7282,3201,3222,8065,8476
787,3463,2952,4848,4914,68
788,1471,2462,4525,5218,7157
789,1444,2566,645,4953,9775
790,5506,4129,2804,6756,8560
791,6880,4472,5448,3613,7548
792,242,7262,9209,5932,9179
793,1185,1082,637,1999,8636
794,7129,3263,9582,2045,9006
795,6963,9238,184,210,3504
796,9476,4820,2084,4624,9260
797,7050,1777,291,92,4355
798,5918,6207,9478,506,6514
799,9420,3045,3766,7874,4943
800,6653,3102,1137,9818,7121
801,3378,71,8518,8609,3660
802,1196,5680,6352,1626,4621
803,9265,85,8770,5687,4133
804,729,7147,2471,2086,2513
805,4139,5917,3323,9363,252
806,2741,1948,3750,3018,8016
807,5144,8328,1256,4224,8819
808,3195,771,9651,3078,2642
809,1309,6442,2346,9054,8247
810,6978,7846,2567,1763,1427
811,9107,9937,1934,9732,1261
812,942,561,6708,2721,8722
813,9888,8543,9710,8943,6590
814,6457,5219,6956,638,3368
815,3828,2931,6144,39,1667
816,8602,6833,7917,5393,9268
817,563,2736,8590,7995,5293
818,9511,7176,2034,8462,1715
819,4650,2340,1810,295,8696
820,9870,8175,2442,7177,3977
821,2865,3659,8359,9175,5401
822,5440,272,2771,8618,8194
823,3856,7842,552,6316,8261
824,4365,3527,3508,9480,8217
825,6508,588,8430,2253,9852
826,6448,4342,6969,357,473
827,7382,5326,9986,5360,5612
828,8574,4863,4169,2825,7574
829,9337,2343,4975,8544,2246
830,5051,359,230,5331,4647
831,2425,8254,6523,2733,8266
832,9871,4854,9194,2592,8006
833,4434,4021,4960,4153,4747
834,1671,2231,8264,5433,6214
835,7127,5844,844,7025,6174
836,8656,5458,8641,8275,8062
837,9879,3233,6161,1540,7606
838,8726,5075,9597,5388,5732
839,9703,8364,5445,5361,2552
840,7372,2991,7542,2051,2692
841,6412,3616,1515,7277,9078
842,9360,3544,5843,4672,3067
843,7964,3210,4260,8017,8201
844,5847,5798,617,4298,330
845,6290,9929,7533,8491,1504
846,1886,3268,6422,6322,4147
847,6813,5883,7294,4548,361
848,6680,5396,5200,6419,4712
849,2617,3736,7567,2145,5008
850,2577,6383,7125,6294,4422
851,398,3315,5699,6994,5859
852,1109,2188,2660,9504,9553
853,2520,3167,8755,1023,4396
854,5748,8735,3536,4057,9951
855,5426,4581,8479,5476,5288
856,652,5782,7881,314,1957
857,7952,8143,4217,3247,4344
858,2416,6236,2241,1284,7026
859,2417,4749,1027,9808,767
860,7290,3101,9128,1475,2147
861,8234,4200,3997,345,1981
862,8950,3764,5154,9581,743
863,1311,2688,4905,9752,9165
864,4768,239,7692,6534,727
865,2112,8575,1454,4073,6031
866,4872,6802,1238,9496,5001
867,2054,8790,3404,4457,832
868,1652,4600,7010,2864,3199
869,5333,1651,5749,3135,1502
870,1538,1613,1369,7679,4258
871,3027,1240,6540,6240,6704
872,3283,853,7810,7181,2047
873,2103,7088,1376,5418,5771
874,4841,9676,8149,1553,7575
875,5172,8956,2794,5745,2329
876,9785,6123,9590,4062,9898
877,2509,8803,9154,8840,1347
878,8792,6955,8578,1329,5152
879,9895,4096,5495,9739,9817
880,4300,4853,9007,4896,2373
881,7885,2589,3510,2027,4242
882,8166,7485,1470,521,310
883,4041,3049,781,1899,7479
884,2832,8703,4643,5493,8204
885,1041,9383,24,4186,2801
886,2395,9530,8952,6476,6109
887,3319,4695,3922,5543,4760
888,2899,4324,4115,5456,9127
889,4563,4364,1803,2035,8376
890,8512,5068,7921,1579,2029
891,9013,7741,9609,256,1077
892,173,3621,1378,777,4591
893,2002,2025,9382,5990,6837
894,9172,6136,3069,1754,1612
895,7887,5678,1849,8742,1273
896,3915,1982,4727,6957,2026
897,4865,6263,3303,9696,1358
898,2255,8242,6629,9072,4737
899,3554,5507,6771,8492,5020
900,6176,3732,6118,7507,8313
901,343,9716,2969,9634,6521
902,1120,9584,9376,5296,1881
903,4137,5002,2214,9963,801
904,9188,5094,116,9501,7703
905,1677,9713,7333,2565,6550
906,2485,6673,4232,4473,830
907,5692,3260,3668,3665,6049
908,1079,4723,9804,9816,8868
909,584,5744,4123,7893,3358
910,624,9629,7172,2107,7370
911,1724,5567,8071,6494,6406
912,5574,1163,4491,1012,8454
913,6453,8100,3214,6405,5945
914,7589,9726,8048,594,161
915,9468,2531,4892,7997,9173
916,5443,2956,731,5522,1635
917,8822,7592,8051,6537,6681
918,4359,3800,209,7486,7560
919,2978,4752,3170,8437,866
920,9902,4099,8684,5400,5465
921,4796,9650,4247,9782,4680
922,569,5189,1474,6952,4736
923,7449,9980,9293,4774,2664
924,5674,4263,6022,4167,7308
925,8736,783,2408,1844,1817
926,8064,9162,5819,2448,3692
927,3043,9023,1123,2172,4285
928,7251,8622,9214,7640,52
929,3801,4055,2684,9604,1595
930,4030,3341,6046,8346,218
931,4744,9174,6931,2400,2953
932,1361,7803,9124,2176,5565
933,8693,2847,9425,6577,8762
934,883,1456,9758,5289,7167
935,3255,4337,323,6571,2294
936,6966,8256,8218,95,5504
937,8642,800,9520,1683,1879
938,730,8019,6798,9136,2582
939,3228,8508,5837,2739,2001
940,9097,488,4237,2481,6699
941,3600,2512,7520,1327,5948
942,8761,9139,2539,1745,606
943,2894,6004,308,8895,586
944,7710,5123,2437,5830,9539
945,1661,7464,7780,325,9654
946,8467,1087,5171,2853,7291
947,776,9405,633,4204,5607
948,1310,298,6832,2046,9070
949,5023,9832,1200,1531,6242
950,5277,6730,261,245,6968
951,1607,193,5623,5968,1403
952,4878,8853,8870,5923,9200
953,2550,433,7665,753,113
954,4795,1065,4268,7576,138
955,1086,9469,1090,9211,8877
956,7073,7118,5073,9344,9366
957,4366,3780,4852,1908,3369
958,7496,9080,2600,7519,2966
959,2372,6266,2585,8281,1947
960,7411,5530,5622,948,3974
961,7513,2461,8591,5791,8368
962,3996,1919,6097,4718,3596
963,6452,9955,8899,3466,7907
964,9939,6964,8488,8226,5816
965,4593,6767,2150,9865,5387
966,7607,7403,2727,5180,9226
967,6397,4405,952,3131,7611
968,869,8579,6625,3421,1110
969,8282,3408,565,9587,1560
970,1988,2190,8546,4900,3539
971,2451,1662,3047,1741,3475
972,2738,6072,1148,2080,6433
973,4527,3011,2658,1400,5167
974,3050,6498,4141,8951,7483
975,1216,9081,3574,9764,5621
976,141,2631,7191,2696,3938
977,9961,6165,6140,4283,8370
978,7815,7569,8485,3990,2854
979,8115,1819,3626,1875,4894
980,2817,2638,2217,9417,3390
981,319,5999,2718,2906,8529
982,6315,1144,5336,3021,449
983,6298,4541,9134,7432,3897
984,4533,2490,1182,2344,940
985,3457,4759,8284,9766,2094
986,2708,597,4655,5003,7253
987,5711,9841,6753,9444,8507
988,6220,6253,4879,7852,267
989,1164,1211,3072,2612,7204
990,4572,3628,9488,8934,3166
991,2357,8490,7563,9756,1363
992,234,2173,292,1931,8802
993,3109,6916,422,3980,9289
994,7926,1501,648,8928,3006
995,347,6630,4831,1893,81
996,9813,8826,9471,4608,9566
997,368,5854,3813,2634,7203
998,5491,595,2381,7229,4367
999,9944,6401,376,4668,4023
1000,3128,1802,3691,599,214
1001,8500,6743,7599,5192,7108
1002,1100,8557,6122,9240,278
1003,9660,6420,7762,9113,3482
1004,6067,9516,8611,9860,2914
1005,3905,3644,3085,495,9992
1006,6836,5329,9116,5264,1778
1007,4819,9364,5204,4112,4199
1008,6696,9216,4157,6939,1322
1009,9994,1252,8128,9718,1653
1010,2014,3519,8947,4322,6898
1011,5891,7156,3656,9594,1994
1012,8909,9665,4095,381,5974
1013,8288,3143,3332,7240,265
1014,1894,8324,8990,6690,4012
1015,615,9905,2796,9928,9347
1016,7014,6308,2407,2672,8353
1017,3875,7399,101,2498,480
1018,6353,4551,2925,7590,9719
1019,1011,4164,8260,3293,9698
1020,8987,1696,2917,4867,3567
1021,5509,3406,1983,1597,1956
1022,7975,6556,8948,6902,4837
1023,8027,2945,6299,6314,3967
1024,5472,1638,3058,2321,7206
1025,6892,9556,9397,6160,5231
1026,9177,1578,3608,9673,2580
1027,5828,183,2891,273,2053
1028,5581,2390,5467,3928,9561
1029,6954,8910,7911,348,7430
1030,7358,2532,2641,7356,94
1031,7980,3064,7587,7904,9039
1032,5101,1865,7298,7955,1730
1033,4762,6205,2122,2183,1150
1034,2728,2861,5485,7161,3211
1035,3703,7537,5162,5776,1461
1036,7770,6918,2730,5582,5471
1037,8890,3446,4291,9222,6355
1038,8725,179,1331,5178,6744
1039,4812,9093,9064,2342,1825
1040,1383,3686,3203,2366,9822
1041,2841,8377,2753,1676,8780
1042,1133,7041,6417,1045,1385
1043,1234,2879,8069,2930,8429
1044,8459,9984,6095,5584,7813
1045,9432,2360,6471,7825,4412
1046,3164,7036,4682,3738,8274
1047,4876,6878,1388,9681,3181
1048,1356,4064,7470,8760,5498
1049,2614,2942,9521,1533,1975
1050,7731,824,195,2559,2306
1051,1659,7066,5575,9395,3577
1052,5354,2811,1596,705,4589
1053,9201,4673,6937,7778,8706
1054,2807,4506,4629,1420,5228
1055,9883,9682,896,2327,1779
1056,1742,8212,42,7577,9915
1057,3343,3807,5773,1734,3859
1058,2469,6529,7466,119,2661
1059,5291,9045,5110,8711,1537
1060,9059,6564,2677,7410,2698
1061,1476,5934,112,1654,2910
1062,8875,367,2443,3197,6375
1063,567,9181,670,4301,6973
1064,59,4856,3052,7919,5601
1065,5733,4874,4507,5394,992
1066,5577,6640,6368,3829,1541
1067,4309,3330,8362,9904,1089
1068,3810,3033,3173,2261,2667
1069,1330,619,399,5602,9499
1070,4036,6142,171,3252,5359
1071,3291,4045,4140,6950,5216
1072,5915,6380,8246,6465,8708
1073,1098,8044,3779,6526,8144
1074,3202,181,1726,4690,8669
1075,3642,8140,8160,9760,4916
1076,9920,2159,5790,7963,1459
1077,1916,3808,3375,6554,8168
1078,5793,7212,7445,2435,2273
1079,1837,908,8151,3099,8305
1080,9448,2759,413,4251,4836
1081,4384,2515,2088,4327,2533
1082,9147,6844,1368,2654,1443
1083,630,1824,4997,1372,6627
1084,6682,1940,5184,4586,5747
1085,7580,3355,3927,8030,9160
1086,983,928,6821,3962,8098
1087,1535,3716,5824,6983,6727
1088,8521,5024,8340,1755,5925
1089,1782,7999,4887,6463,122
1090,2681,5118,8601,2699,9916
1091,338,6125,9725,5112,7544
1092,428,400,9349,5709,5139
1093,7821,23,1725,8764,1018
1094,4833,6960,4015,8300,9357
1095,89,9309,880,4669,204
1096,8,5866,8937,3382,3933
1097,6075,1872,9948,5786,7890
1098,2918,2742,7198,913,4010
1099,8604,3267,6432,8306,9455
1100,655,3087,8600,7839,2317
1101,1208,4016,6484,6773,3063
1102,4403,7704,93,4962,7197
1103,9126,6561,2252,724,9060
1104,9085,3331,4579,9983,9161
1105,2070,4244,429,4128,9497
1106,3556,4991,7787,5301,7420
1107,5036,1977,9035,2419,2304
1108,1104,1640,6154,8614,907
1109,4138,1117,5873,4750,7943
1110,5788,7994,8375,700,8090
1111,8513,5675,3452,5875,1128
1112,6723,7991,425,2947,2198
1113,8399,1788,5133,9446,3581
1114,5317,1622,4438,1716,4318
1115,4910,2124,1617,3945,6890
1116,9193,236,6093,3793,8171
1117,1835,7345,4508,1412,2003
1118,982,5389,5696,2312,5309
1119,711,3422,759,213,7373
1120,7713,9900,4895,4639,7553
1121,6194,5919,1092,4246,752
1122,3495,4918,4583,5122,2579
1123,8392,9407,8664,1214,8059
1124,1429,150,7645,2378,4758
1125,8884,2097,9475,4024,4925
1126,1517,7957,515,9332,4710
1127,5524,6137,954,1304,3439
1128,1293,9220,2307,6611,9734
1129,8923,4035,7189,7536,8354
1130,7648,6853,7900,8101,1387
1131,9435,19,3034,1070,9461
1132,3125,280,6741,5846,3797
1133,7376,6961,3855,300,3353
1134,1069,4707,7895,8531,4964
1135,8625,5220,4323,5135,5153
1136,5750,8223,333,2495,9849
1137,1813,2048,471,8447,3003
1138,3582,7534,6114,5897,5962
1139,6425,8996,1619,8323,4951
1140,1345,3630,6145,6077,4756
1141,516,4807,9404,2975,7079
1142,9704,7367,3645,9510,2754
1143,6429,2620,1296,6459,3182
1144,9645,4476,7219,1765,8801
1145,999,9526,9668,524,3667
1146,9754,7705,3936,3399,7786
1147,2946,5708,4,9834,9572
1148,4191,28,7096,3866,5825
1149,6232,8955,6170,9246,8848
1150,8445,2245,7477,2822,5848
1151,9316,1993,2077,2144,9348
1152,6707,6740,6237,578,5627
1153,1377,4663,5893,6212,5055
1154,4826,4597,5128,1489,2044
1155,7362,7649,2424,369,8712
1156,6181,3105,3418,121,6178
1157,2831,2783,8045,4521,8670
1158,2276,1967,4117,3177,3308
1159,744,3852,2843,9285,9117
1160,1845,6580,933,7990,5142
1161,8661,1178,6697,5004,4677
1162,6712,6162,4888,8710,5536
1163,7396,6636,504,1494,64
1164,7670,6635,1822,3248,9640
1165,8586,1629,3364,8786,2845
1166,2729,641,7948,7834,6552
1167,4522,4420,9946,9790,131
1168,9976,735,4652,6984,5659
1169,8756,479,2301,1398,7743
1170,7343,4020,5497,8333,1910
1171,9159,8570,9092,6605,189
1172,1567,2377,358,3914,1324
1173,88,6060,6103,9253,5814
1174,1678,5617,2554,2959,9856
1175,7760,65,887,527,6340
1176,4460,4912,7736,1570,4233
1177,8841,1935,8596,4455,7083
1178,816,2689,4419,3890,8010
1179,9622,3309,8671,2709,1224
1180,1485,7394,3473,5804,6389
1181,7329,9663,7018,9155,2152
1182,4939,9000,9008,1897,6763
1183,8123,8433,2071,2723,8133
1184,3826,36,5736,7058,3998
1185,2062,900,129,6965,3026
1186,7828,1025,2981,5797,4847
1187,3084,3296,1497,7925,3824
1188,6814,8307,4849,973,9355
1189,6275,799,8427,5538,9467
1190,1244,1149,1794,2768,4209
1191,7458,2072,775,6808,1375
1192,7746,4814,2657,1743,2824
1193,7484,4116,5163,7185,4374
1194,7912,2005,7236,1052,658
1195,4149,2962,1114,8351,1190
1196,1747,1868,3916,7738,4033
1197,9599,5689,6622,6754,8341
1198,5322,7205,5834,8299,5596
1199,5209,8021,2083,5695,8106
1200,9043,6687,2862,304,7661
1201,7942,6381,1646,7651,233
1202,2486,8308,8367,6393,1320
1203,8795,6258,7009,6402,5801
1204,3037,960,109,5566,754
1205,6822,1192,9487,1888,9169
1206,4926,632,958,3727,8721
1207,9259,5610,2049,5933,4803
1208,5657,605,5239,1319,6313
1209,4509,7769,600,7352,9531
1210,9797,2543,3242,5704,2784
1211,4155,8921,8632,4511,1283
1212,4755,5942,6350,3543,6079
1213,1278,6559,4430,2944,9430
1214,834,286,7827,7628,3669
1215,4134,7796,8205,3326,5928
1216,8112,8091,1549,7463,6810
1217,2693,2466,7717,3310,6857
1218,5952,2206,9555,2695,3836
1219,8949,2683,5097,1997,9617
1220,9807,8620,1487,9525,8743
1221,8161,5870,8660,6639,1277
1222,1582,3241,5311,528,9146
1223,2785,9746,5959,2586,9018
1224,2073,3324,3196,9815,6667
1225,2248,7190,5646,8477,3414
1226,7273,2109,1301,1101,3641
1227,616,1000,2254,7186,8506
1228,609,9326,2067,9462,6101
1229,9571,3649,8687,3583,8807
1230,8052,6461,1761,1528,4764
1231,7653,8435,2015,5654,8718
1232,7165,3465,6423,5557,2644
1233,7745,1154,2782,6030,4740
1234,1410,843,9767,3028,545
1235,9110,5899,4391,6361,484
1236,3448,5146,6100,8310,3053
1237,285,8215,3640,7371,240
1238,7923,6139,3250,961,6732
1239,8985,8049,4588,3246,334
1240,4075,9909,7502,5422,6055
1241,7598,3405,6475,8738,9027
1242,5252,7321,9411,8599,9451
1243,6241,6054,2795,9483,3304
1244,1633,6834,3842,9481,5350
1245,789,6794,5998,5929,2126
1246,7415,3391,786,1556,4562
1247,554,8423,3161,5344,9063
1248,4974,474,7425,1455,9577
1249,5346,8851,3944,6167,5802
1250,6979,2593,1722,3806,2476
1251,8751,4294,4532,3560,2465
1252,7859,3885,8456,8766,2872
1253,6928,1767,734,9884,4206
1254,3515,5085,1688,8906,9690
1255,3602,4125,3030,8821,2347
1256,6069,8978,5647,5132,4205
1257,8142,677,4203,1306,8603
1258,1793,7540,5658,764,5155
1259,1647,6920,7518,663,5487
1260,8493,1616,6112,7148,56
1261,9231,7184,6362,3562,7583
1262,3344,14,6235,8237,6209
1263,6304,9910,4348,7209,7417
1264,4670,2444,5444,9138,9168
1265,7954,3712,598,1172,7759
1266,8063,1290,3900,5303,3847
1267,5060,7861,3758,1959,5424
1268,4869,5572,4791,6204,2041
1269,7884,9024,926,7300,4118
1270,1218,1338,5328,7566,9923
1271,7032,5980,6927,6581,4688
1272,3312,4022,6709,9267,5941
1273,589,7725,6903,553,2805
1274,7512,4273,3804,6441,8597
1275,3507,8787,6780,316,8483
1276,9551,8329,790,3811,7098
1277,5318,2616,9380,118,6693
1278,9228,9341,8824,710,4198
1279,3869,8156,9628,6774,2772
1280,9745,9368,3984,8446,4746
1281,7315,4091,4306,1847,5489
1282,6053,2310,501,3986,8073
1283,4050,477,4453,9843,6151
1284,1477,217,3722,6034,6638
1285,43,1521,5763,723,8005
1286,7872,4550,8015,8396,4163
1287,4782,4770,1816,9436,2506
1288,6721,1426,2272,1292,4443
1289,3089,9243,7906,6883,7931
1290,4176,1020,482,8013,5
1291,906,1542,7065,6440,749
1292,1414,2096,5618,5914,1303
1293,7033,687,3820,6163,5505
1294,5642,2650,11,9301,3091
1295,2892,390,1963,421,9558
1296,5138,1732,9886,3232,1771
1297,9206,2115,8412,1162,1267
1298,1507,8470,8474,5976,9842
1299,1601,7434,6187,1859,9880
1300,2528,2711,6953,3689,1505
1301,5529,2494,8702,9705,7967
1302,2266,269,9391,4248,255
1303,3082,4297,6702,4947,6223
1304,5989,3906,899,8999,6711
1305,8867,2401,1703,7173,4851
1306,6216,3423,7632,1233,2943
1307,6668,8335,9527,9167,514
1308,917,8515,557,9795,4549
1309,7243,4687,4354,4566,7402
1310,2598,9722,8585,7873,4220
1311,1820,7078,7319,8572,2988
1312,4553,9940,8321,684,5982
1313,4612,30,4381,6474,6992
1314,1628,5714,5868,3441,2545
1315,4622,537,8084,7407,9583
1316,2313,3213,5321,8576,6661
1317,8103,9258,2995,7718,1451
1318,782,9020,5779,4641,375
1319,5729,876,901,5768,512
1320,4360,2140,1593,7390,8356
1321,9972,7405,4350,6225,7179
1322,79,6936,1519,839,4308
1323,7388,5981,9096,3320,6843
1324,4341,3336,2422,3317,4029
1325,9340,8182,7027,5521,4987
1326,3295,1768,9350,3424,5895
1327,747,6268,9122,8033,2222
1328,5987,6706,3080,4008,114
1329,5860,4792,2259,2751,1631
1330,8861,8784,9853,9505,6289
1331,5720,3614,1727,7019,2964
1332,9932,414,7149,9574,7418
1333,4714,6694,8185,3417,7107
1334,946,7472,8694,6217,4401
1335,7721,2455,2983,1699,4249
1336,4085,7183,9089,9781,5591
1337,6842,417,2756,9751,748
1338,2537,2676,9949,4514,6394
1339,7501,7450,7201,546,2007
1340,3751,2074,4617,5405,2835
1341,2257,1394,3377,4568,4038
1342,9286,7945,3281,871,3118
1343,8559,4662,6896,322,6190
1344,3963,7808,9662,7383,5312
1345,8425,3633,8666,4547,8871
1346,8829,7773,8942,3410,1158
1347,8633,713,5815,6945,6894
1348,1874,5330,1348,9166,7256
1349,1270,1029,2858,2000,4595
1350,988,7170,9452,8411,5478
1351,9950,688,6944,4959,8200
1352,3573,1641,3316,3952,6752
1353,6818,44,8917,5226,3123
1354,2777,262,805,4885,7936
1355,6993,4333,5631,5108,5236
1356,9608,5107,7866,155,7275
1357,3137,5290,4799,7217,2886
1358,4195,9615,4558,3471,2413
1359,3895,244,6182,5881,2970
1360,8863,2016,8621,1005,216
1361,1151,1259,2560,8004,9003
1362,130,4955,7312,978,3566
1363,9028,4529,7210,2986,5697
1364,5526,7238,8796,5088,1938
1365,9537,3215,9908,8067,9744
1366,1544,5700,1203,1805,911
1367,4909,5880,2883,7254,6141
1368,5634,126,7572,2951,7368
1369,8138,6080,2324,6520,5650
1370,1219,8989,6011,7538,2827
1371,7985,2574,692,6050,4875
1372,878,7255,9473,1119,5378
1373,2609,1057,8235,3572,2066
1374,169,7375,9631,6613,9896
1375,1419,8907,2297,2132,5434
1376,849,6662,4170,7292,9957
1377,3822,4835,8022,6692,356
1378,4603,8504,6911,402,6166
1379,1054,9878,3216,529,5845
1380,25,6356,235,620,8186
1381,7597,7629,4437,354,7080
1382,5376,590,4276,7274,6632
1383,8957,1776,9186,5681,8409
1384,5620,9361,8131,7391,5752
1385,1928,9891,3350,4005,6070
1386,3345,7313,8029,935,2262
1387,8516,7835,4978,4394,6909
1388,6329,6557,1381,8372,5559
1389,1382,9026,6084,1415,8883
1390,8155,6152,344,1406,9793
1391,6082,8612,5177,1555,5841
1392,4303,829,9552,6770,3175
1393,7638,3657,6995,2250,2404
1394,9001,127,458,9755,8551
1395,1457,1718,6130,1749,2399
1396,5450,7595,9276,3961,3015
1397,1435,1105,132,1350,2648
1398,5951,4222,9256,6384,6338
1399,2885,7986,6915,4469,7042
1400,1175,9611,3023,8082,8176
1401,2972,9403,8992,8126,5852
1402,6284,4109,6970,3277,2104
1403,4845,5869,7001,8020,9738
1404,4340,3612,9517,7623,2819
1405,6781,5223,1325,1748,2813
1406,1409,5568,1266,9699,4424
1407,170,9872,1225,969,2732
1408,2623,238,2440,7856,3809
1409,4692,6386,8023,8038,9115
1410,3968,9157,8788,8857,67
1411,74,778,6716,5777,7314
1412,1336,6038,5569,7744,3238
1413,3187,1955,4990,3561,3299
1414,3103,6411,8388,2588,3631
1415,4054,4827,3834,6859,5212
1416,1917,4512,6010,1506,950
1417,2249,8206,9626,489,9774
1418,7937,4738,191,9518,1500
1419,3992,611,773,9140,792
1420,1923,5170,5457,9838,8228
1421,4357,6624,5034,8345,8644
1422,6183,3461,2275,2935,2597
1423,5339,2992,3322,7799,3436
1424,9798,1048,4445,3394,2154
1425,5477,9365,2529,9769,6186
1426,3458,271,9837,3462,465
1427,3113,6265,1627,2111,3093
1428,2757,5407,6293,4648,1713
1429,7896,9672,6811,9569,2427
1430,5383,7400,3234,4002,5227
1431,2185,2989,8945,3274,5611
1432,2571,8915,5712,4446,7527
1433,5588,9439,6593,99,2937
1434,1509,9296,2477,1243,5071
1435,6852,7620,7286,3940,1226
1436,9328,5770,1380,4361,2028
1437,6048,8931,7140,6967,6248
1438,1606,6908,9605,5648,8093
1439,5833,6413,4383,6695,9022
1440,9270,810,5409,72,9953
1441,3192,6847,2685,9390,1702
1442,1017,7144,8384,8397,8816
1443,9212,8927,5508,4636,2691
1444,5884,8453,9485,1843,5105
1445,7639,6933,6899,1334,8393
1446,1206,3734,9709,7879,8240
1447,2387,7059,4379,1460,9460
1448,1072,8390,9456,7246,842
1449,6647,4286,463,795,9789
1450,4530,7034,5734,1332,6560
1451,8852,3059,7123,4731,6398
1452,1099,32,6735,7568,6458
1453,2591,3048,5511,4880,4274
1454,7570,8715,803,4726,1608
1455,5233,750,3081,7971,9784
1456,2225,5319,6679,5045,4253
1457,3297,5368,4922,5041,7258
1458,1321,7561,8337,9820,6621
1459,3010,8748,229,5603,7701
1460,7625,2987,3987,4353,5693
1461,9284,2102,7826,9899,117
1462,6544,7557,4694,6764,964
1463,1181,7428,6986,7938,8810
1464,6734,7790,7886,2463,8270
1465,7740,4436,709,2535,1390
1466,6250,8130,4857,2148,9025
1467,6017,4801,4071,4969,8705
1468,6323,2713,1530,9601,5502
1469,3481,1674,6367,1157,6516
1470,7060,7723,9903,9158,7130
1471,8832,5265,2421,3623,147
1472,8216,5501,5764,6153,7384
1473,649,9717,8776,1085,3141
1474,4255,2420,8588,5357,8058
1475,1103,6710,5335,7071,4402
1476,1217,3142,1698,9185,1856
1477,6809,1561,7848,9061,510
1478,7338,8542,9237,7488,541
1479,4110,8279,4665,9252,758
1480,2686,3512,6940,6511,4596
1481,7028,6202,5278,4456,3031
1482,4321,8982,1707,1276,4538
1483,7336,4933,6146,6823,190
1484,3120,864,2526,1750,3007
1485,4996,6337,6851,3919,1581
1486,7436,3013,3935,3483,2085
1487,7324,270,6424,9197,8526
1488,2415,1823,8207,158,5924
1489,2093,7794,9835,5765,2848
1490,5969,9224,555,837,5822
1491,8747,6477,386,2431,8147
1492,6502,4082,4661,9800,6869
1493,3753,7763,486,1186,3646
1494,3841,1850,5706,2666,6339
1495,8410,3088,564,1147,5940
1496,5098,4859,8003,8580,3491
1497,223,5341,4478,1807,5546
1498,7339,9494,6035,8532,3259
1499,4156,2290,5217,5887,5494
1500,1867,2860,8252,1473,7979
1501,8639,6785,3741,5606,4542
1502,9741,7038,4657,3119,2079
1503,8499,993,6083,7494,9602
1504,4923,5421,2362,1733,3637
1505,9402,7688,2890,6535,3688
1506,4666,2662,1318,1463,2286
1507,3163,4599,9990,5374,9623
1508,7758,2671,3460,1053,8635
1509,6658,3947,8253,5127,4080
1510,115,6227,6408,7521,7166
1511,8891,9931,1490,276,3825
1512,4793,2611,3777,4864,9596
1513,576,6738,5461,6003,5084
1514,6919,7535,1171,2483,1075
1515,1705,1791,5390,8007,6615
1516,9105,8076,301,2162,3728
1517,6731,3568,5766,6306,6592
1518,3073,9603,2893,9415,9647
1519,9283,4954,6243,1465,1547
1520,1121,166,9274,5904,18
1521,9803,5078,1386,6127,2798
1522,2338,5411,196,4696,5089
1523,6517,9042,6951,5560,2601
1524,1255,8259,9693,5930,3305
1525,6332,1642,2064,8920,4982
1526,8050,7930,9195,9559,1664
1527,7961,548,3227,9987,8630
1528,5539,7446,8174,8002,9149
1529,2383,341,7195,937,5406
1530,5295,6948,8290,2114,8730
1531,661,1195,383,8918,7962
1532,8214,7633,5691,6988,3618
1533,8685,2488,8941,768,206
1534,9388,5809,6370,4177,3684
1535,6660,9299,8113,4189,691
1536,3726,2472,8078,4870,9685
1537,9821,5594,5783,1970,979
1538,4121,1785,275,9132,990
1539,2291,503,9733,2844,1180
1540,4832,1759,1030,8856,850
1541,1914,9183,1614,9457,856
1542,5381,5134,2636,2293,6480
1543,5141,7715,4037,5785,9591
1544,5332,3702,5957,5604,7422
1545,2156,4573,5232,5049,7454
1546,5632,8239,1941,8872,4571
1547,5245,3224,656,4250,3420
1548,6868,8009,7030,2033,3189
1549,3106,4241,2745,4908,5474
1550,2106,3205,3145,321,2354
1551,6466,1864,7263,1031,1107
1552,8150,4705,9294,5116,3325
1553,3193,7880,7459,1918,5551
1554,3372,2040,2799,5145,1472
1555,7818,4949,5850,542,4748
1556,8970,4986,1669,4159,8798
1557,8555,7674,1571,6579,9638
1558,953,5414,8893,5512,6148
1559,5224,8719,7068,4706,9187
1560,1279,4470,4741,8881,873
1561,6057,5580,5906,1408,3925
1562,7142,5789,4452,7341,8919
1563,5534,277,1136,4524,5056
1564,2530,499,1194,2518,2100
1565,740,108,3528,8278,6659
1566,1854,6650,4633,8894,6201
1567,825,7307,317,7099,6755
1568,6518,539,6975,6664,4604
1569,3157,7719,4238,9543,459
1570,8731,7040,8914,3831,874
1571,8365,1632,4307,2216,3930
1572,3995,721,6938,2873,1848
1573,9338,5583,2178,2251,4334
1574,1179,205,5119,7020,2279
1575,16,820,3823,1925,6150
1576,5550,1431,1488,1960,6267
1577,8714,7072,6637,8484,3381
1578,2619,6628,7706,2092,7789
1579,9082,3788,8487,2191,472
1580,6546,7021,1446,3158,290
1581,1858,4277,9913,5639,4607
1582,6854,4230,5302,6436,5246
1583,8139,9901,9975,9670,2928
1584,1062,3190,241,7421,8292
1585,7232,4605,694,7847,7475
1586,6604,9306,5316,1565,5955
1587,3100,665,9046,9503,6717
1588,3478,863,2852,9034,9215
1589,530,5872,5896,3557,5703
1590,5818,924,7965,6430,5690
1591,9515,4296,450,3288,939
1592,4375,5641,3768,2895,185
1593,1566,8086,1396,7515,5007
1594,3713,476,7297,695,8836
1595,84,9426,3294,4468,9646
1596,2418,8739,2302,1971,6365
1597,2394,5345,5966,5168,5542
1598,8640,8404,9038,1232,2898
1599,8637,2039,7237,315,9055
1600,5554,3749,3934,5668,5624
1601,4539,544,9297,9500,5663
1602,9398,6538,1945,287,8530
1603,5021,8789,9906,6327,1401
1604,680,7112,6491,6020,4279
1605,3912,698,2563,7457,4148
1606,7293,9370,3290,1302,1857
1607,5147,6387,676,4152,3261
1608,6863,3896,2973,7528,3580
1609,1841,6596,9011,8882,6575
1610,3524,5937,9255,827,8293
1611,7248,9099,3817,8924,2792
1612,3551,6760,6688,5124,5992
1613,7426,7753,1792,1930,959
1614,3832,1704,274,9120,4839
1615,3889,2386,1833,8700,8953
1616,2453,7660,4136,7779,6620
1617,9394,6582,8180,9560,5677
1618,6479,4489,540,162,8763
1619,8070,5069,2868,5352,1514
1620,7126,1423,7261,3854,6278
1621,2583,1969,7047,7437,7654
1622,1442,7348,5909,5954,9695
1623,9657,3300,5010,5725,5385
1624,2800,5944,6443,5592,5436
1625,9652,664,2497,4535,1250
1626,3488,5638,2318,902,4165
1627,6117,1028,6191,1569,3282
1628,1458,4904,6848,6871,1129
1629,8311,7268,4938,8563,2547
1630,1351,7377,8548,5273,2581
1631,657,4517,4486,3654,6460
1632,1526,974,7865,1860,6198
1633,4625,8401,9151,7037,5403
1634,6320,4927,1753,6255,3818
1635,9358,1170,4388,4061,9683
1636,9317,3878,2977,8088,7637
1637,6929,152,572,6850,7218
1638,419,739,491,2923,4382
1639,55,587,3042,3690,2170
1640,4686,7110,6252,6234,2349
1641,6816,9585,7508,3763,5059
1642,254,9956,4031,522,941
1643,420,1088,4552,1769,5287
1644,525,5090,5746,4293,8068
1645,1118,8873,5325,5205,5760
1646,5042,1068,8524,3771,674
1647,1316,6610,4785,3041,1853
1648,7944,8556,2309,7777,5823
1649,3695,9262,5754,962,136
1650,9707,1043,1866,3380,2866
1651,8645,8197,9199,6023,163
1652,2171,8383,5570,3415,3165
1653,7381,5805,6179,4868,8202
1654,3264,4287,3767,8797,6742
1655,207,8129,2735,6245,5351
1656,1939,7178,3306,6456,9802
1657,9445,6572,2584,9633,8163
1658,9103,8394,3485,5513,4773
1659,7141,2228,7461,8820,1421
1660,7143,3301,1764,5279,4013
1661,966,8395,2913,4479,4014
1662,5862,4009,6129,9247,4681
1663,5737,5686,6501,3882,2704
1664,6482,7970,9245,3910,4546
1665,3270,3958,1700,3036,4040
1666,732,6468,1990,4007,7006
1667,294,8405,7899,5242,8158
1668,1115,6347,1462,3307,1545
1669,4048,3362,7757,1989,1686
1670,8136,8251,3286,9967,6259
1671,8734,3755,845,9938,4893
1672,991,9310,5965,4569,8418
1673,9753,4614,3803,149,1285
1674,3430,4626,3005,7111,5238
1675,7081,3620,9277,5191,4390
1676,4804,808,6900,6685,3533
1677,4328,6591,6594,4537,7550
1678,5018,2116,6102,5757,5343
1679,5413,6493,6539,5481,9434
1680,4161,7683,9643,6045,2350
1681,6733,1257,5243,6013,9413
1682,7305,7471,6364,2119,819
1683,8759,7656,4442,4262,3909
1684,8255,2239,8221,9780,4107
1685,8592,5446,7401,3431,8102
1686,8289,4338,4127,1650,8450
1687,1291,8316,3978,2882,7927
1688,6487,3095,9799,5179,9858
1689,890,4634,7901,7946,7751
1690,858,4358,6719,562,897
1691,9114,9288,2445,1010,7693
1692,9621,5199,8689,6865,2724
1693,6835,8188,5248,9625,6819
1694,4763,6576,8391,2674,5527
1695,1693,2337,1657,9261,6748
1696,7283,7727,5564,5382,1911
1697,1486,8879,6914,4858,6426
1698,518,1587,9292,6562,5257
1699,2063,8686,3272,7862,7155
1700,1366,6472,3383,9164,3937
1701,9419,2105,2907,4018,3946
1702,5775,151,7489,7697,1064
1703,8319,2181,411,8317,3467
1704,4174,7227,5902,8967,8403
1705,5651,870,7133,3389,784
1706,6264,1425,9544,9101,6619
1707,8876,4463,4465,3051,3487
1708,989,307,7363,8153,2527
1709,2561,7478,6043,3359,8400
1710,751,3071,9941,826,4728
1711,708,6972,7838,1307,9447
1712,5412,7051,6726,6133,9563
1713,2633,1468,8657,9679,4772
1714,5373,5186,6280,1922,9230
1715,8265,8624,7524,9207,6273
1716,8650,9576,2364,6269,1873
1717,9826,3273,4767,7150,4615
1718,200,3683,1760,3365,4414
1719,8724,6193,4958,2118,2524
1720,6312,4653,9334,1880,296
1721,257,6410,6976,6307,7869
1722,9575,6246,2912,5499,4654
1723,201,5193,1439,2714,9847
1724,8501,5208,5997,3361,2812
1725,9302,6651,51,9065,8584
1726,456,4325,5356,5215,1384
1727,1978,7468,9659,9015,1927
1728,8912,438,502,5723,6300
1729,3516,5031,3881,7361,7737
1730,47,7322,7132,8108,8889
1731,6703,1949,1966,4499,3133
1732,5091,9069,9305,2637,5571
1733,103,8219,2764,4685,8285
1734,9607,1165,5417,7090,7280
1735,2655,5000,2990,6536,7163
1736,9423,5614,4981,7171,1684
1737,8567,7211,6509,6607,8280
1738,6155,3570,9041,6025,3237
1739,4441,685,7207,8145,7819
1740,2430,5644,3443,427,8668
1741,9119,5586,8986,3812,4946
1742,8628,3840,6805,2057,2961
1743,7493,5298,7447,3752,5960
1744,6334,7798,2726,6431,1187
1745,4145,6088,7323,2065,2791
1746,4086,7506,5947,7052,8815
1747,1839,3008,7433,7630,3729
1748,877,3805,4683,1520,145
1749,9548,4952,7013,9474,2192
1750,1131,7836,6555,963,309
1751,6447,720,1229,6512,1352
1752,8124,2308,5307,8061,4316
1753,7918,8850,4825,6138,2446
1754,243,156,3074,1690,1433
1755,838,4142,3846,3873,8028
1756,4173,9675,7711,4993,8964
1757,8314,9627,6977,3019,7976
1758,3526,610,8892,3762,3588
1759,3851,3121,5492,614,5040
1760,3499,6409,392,4500,1033
1761,6230,4239,7915,3576,9121
1762,6184,6946,1958,9031,123
1763,6922,4223,3311,5190,681
1764,6108,4644,1286,3060,293
1765,3993,7784,2434,2233,7070
1766,8349,2538,78,1271,2234
1767,1437,7385,4039,8018,3122
1768,1102,4312,134,7408,1774
1769,7158,8631,1042,3503,203
1770,3792,4462,9272,4290,3469
1771,4483,4891,669,6318,8040
1772,9973,3396,212,6840,3254
1773,4228,4184,5855,2820,3464
1774,3610,3061,8791,2846,3599
1775,7771,5740,3636,9573,9882
1776,8647,7680,579,4526,4171
1777,934,5355,1230,7017,651
1778,1694,8838,3638,4620,3585
1779,6373,4380,7712,2238,4786
1780,7734,889,796,7469,8137
1781,188,1407,2669,349,3619
1782,4519,1568,5636,8831,7732
1783,448,5743,4675,2189,6261
1784,9532,167,3156,3086,7694
1785,1656,1929,666,7491,8025
1786,1333,7270,5452,807,6672
1787,6392,8998,2474,3057,7658
1788,6203,3108,7344,7573,9714
1789,6281,139,3186,6489,4006
1790,389,4488,1876,3903,4067
1791,841,4821,6116,9968,1772
1792,879,6042,2897,2761,320
1793,9772,8662,1499,7350,5523
1794,6776,8587,1532,6407,1909
1795,947,48,570,4126,7182
1796,6608,6584,2229,4417,1038
1797,5402,5150,9960,535,9641
1798,7093,9470,6319,8901,2322
1799,9068,5890,772,3428,7722
1800,2701,9934,5683,682,3398
1801,4352,6547,7831,58,9123
1802,1539,8549,412,5106,6485
1803,9221,4598,2551,931,3204
1804,2382,2963,7993,8244,2163
1805,7119,3453,6888,3735,1906
1806,4077,7115,3132,3674,9996
1807,9509,8638,6543,231,9506
1808,8439,2548,5619,5633,3971
1809,8416,2622,5865,9850,5547
1810,8972,1215,2748,1503,5756
1811,1583,1080,3180,4917,3559
1812,9868,4087,580,2012,5428
1813,5256,9661,5480,3924,4842
1814,765,9889,741,7883,5496
1815,4970,2487,5821,714,6052
1816,1585,5274,568,5241,6949
1817,5016,6839,8727,7199,7242
1818,3704,3112,6282,794,8916
1819,1323,8577,7754,5093,1404
1820,7145,6037,7867,3284,2678
1821,8369,1274,9854,1007,4844
1822,4564,5996,1364,1199,7586
1823,9688,8958,893,8301,8984
1824,7552,2433,4094,5211,1308
1825,1434,5268,1393,9290,9477
1826,4495,9354,2058,3624,3849
1827,9203,6795,9873,7708,551
1828,7259,6366,7215,1523,7029
1829,3169,5057,8407,981,6171
1830,4493,6348,9056,4708,943
1831,9017,3146,9182,6363,5074
1832,6063,6106,2875,9429,6568
1833,6385,4261,8886,6390,9779
1834,3770,2618,496,3537,760
1835,7551,9071,2398,3521,380
1836,4313,3523,9339,8315,4047
1837,1524,3564,6897,7476,3609
1838,4518,5794,5255,5249,9677
1839,8707,2525,5630,8908,1996
1840,4516,5838,5206,3709,7103
1841,6233,9827,3426,5514,2955
1842,2980,915,848,2594,1746
1843,1878,5483,910,5334,7646
1844,4231,4646,120,1161,944
1845,1846,2663,246,2078,29
1846,1071,7337,6901,3863,9546
1847,8257,5515,9443,3679,6357
1848,2762,6272,9598,7562,7556
1849,2810,9479,6769,3782,686
1850,2201,5469,8449,8127,8699
1851,831,6746,4397,5660,4592
1852,3253,1146,2165,3917,8146
1853,7830,2330,3329,6828,2221
1854,124,2613,9493,9396,5027
1855,1014,1353,6336,2087,2095
1856,4257,2331,7124,1060,6904
1857,8527,7474,4980,8481,3973
1858,9728,1576,5796,3907,1912
1859,5043,6196,7462,2857,9033
1860,3209,6168,9981,8866,3960
1861,5484,3506,6589,6793,4143
1862,6189,738,3374,6545,6761
1863,5143,2284,9791,8648,3017
1864,7615,4809,945,9307,4674
1865,69,3591,5921,7801,583
1866,3097,1634,388,5808,8097
1867,3966,7328,5196,1021,5735
1868,7977,6062,766,9257,6249
1869,975,3719,2596,1449,7490
1870,9887,4545,582,6015,9076
1871,9619,431,5415,6427,6437
1872,1814,1861,5894,2208,5430
1873,1268,8720,3673,4806,360
1874,7056,2438,1757,7735,4011
1875,1695,9568,520,4784,8121
1876,6296,3429,6974,9867,9150
1877,9721,4713,517,6226,6617
1878,1603,6548,6787,9079,4001
1879,4106,7608,4060,8177,3697
1880,2656,6119,2334,266,7245
1881,455,2146,5858,237,3994
1882,7330,1751,6305,2441,3220
1883,7916,7594,2821,3865,7223
1884,8753,5076,302,2287,1177
1885,172,46,253,4700,7833
1886,9163,6135,2982,5795,867
1887,2909,4072,8971,6277,3046
1888,1836,9809,335,6775,7643
1889,1189,9249,1516,3363,3159
1890,701,1422,7748,7871,6522
1891,7310,3740,7473,3655,3975
1892,329,3711,9606,6121,6382
1893,8452,7325,8539,859,7631
1894,2320,2414,1346,9106,6276
1895,894,9010,9086,3427,5459
1896,9291,3789,6177,8434,365
1897,8132,2226,9191,3016,4745
1898,1391,7903,7302,2870,5829
1899,690,6519,2450,4945,7511
1900,1145,4902,34,1946,4866
1901,7678,445,7687,5169,895
1902,9823,1340,6483,519,9084
1903,9005,2142,5926,258,5244
1904,639,7335,3472,462,3531
1905,4415,378,8683,922,8859
1906,61,3040,1964,9141,7354
1907,6462,7074,8211,8055,2770
1908,6838,5286,2223,9300,642
1909,5064,2184,1701,8854,7588
1910,4371,1954,7309,7593,1658
1911,9037,9418,1183,3450,3542
1912,6343,9251,736,9757,7816
1913,3354,9372,3111,6996,2933
1914,1479,6044,2562,3349,4576
1915,197,5769,9406,82,6826
1916,7289,2541,9492,5130,7082
1917,8080,3425,4484,5724,5616
1918,1728,3879,7043,7250,9864
1919,8777,5707,1546,986,8276
1920,9482,6446,1097,8930,1890
1921,6418,2323,9666,9562,8385
1922,3549,5039,31,6239,8681
1923,5099,8583,5562,9917,10000
1924,2957,305,4585,4454,3858
1925,8111,2482,7359,8496,9985
1926,7216,4219,3185,4175,3236
1927,7301,208,394,4972,7805
1928,6684,6980,6104,533,9507
1929,6279,6496,2447,1783,9315
1930,3651,689,6563,1903,5892
1931,4739,4850,7855,9312,2837
1932,3892,2501,6495,2707,3347
1933,3723,6231,5901,7775,5247
1934,324,4883,248,6310,8083
1935,1247,994,2285,2549,2379
1936,4150,2605,531,1051,2954
1937,8709,6358,7304,8573,8804
1938,3545,1317,2055,6906,3012
1939,9254,6565,5052,5738,4108
1940,7044,4362,7230,8291,2974
1941,7222,7499,8534,693,5721
1942,4818,9701,1838,7844,3715
1943,3278,3918,4988,5460,2694
1944,9632,7968,342,289,8697
1945,57,7616,5877,3153,8783
1946,8141,7505,6257,2920,1050
1947,5113,5669,7003,5183,8344
1948,4295,2268,397,9969,8674
1949,9,1003,279,9833,7357
1950,828,4898,1035,2659,2606
1951,435,8828,8159,4019,8655
1952,6328,133,2938,833,178
1953,6200,2863,8723,2564,9142
1954,1373,8378,415,5535,483
1955,5464,9058,9697,7024,8258
1956,6,3486,6666,8678,956
1957,7888,5517,6531,3269,9156
1958,5263,9759,9109,8135,260
1959,1169,3062,2363,1032,6656
1960,1806,1624,6028,7092,4225
1961,7503,1001,3285,2182,1392
1962,6172,4642,7823,9806,9579
1963,4921,2467,1915,9547,8243
1964,2032,9495,6935,4503,8262
1965,3784,7600,8663,971,1491
1966,5371,6860,6633,4815,9588
1967,1436,8903,3578,1877,3821
1968,4345,5306,1453,3340,4798
1969,8540,9378,9295,3717,3848
1970,454,8387,6504,6349,8443
1971,8581,3579,3815,6091,22
1972,142,7146,6064,5207,9600
1973,6143,7101,7768,6817,8652
1974,7543,490,8162,3302,9942
1975,9674,5857,7386,4777,3138
1976,719,9421,1510,1672,7002
1977,9855,4931,5081,8880,7657
1978,5160,8960,920,6566,2505
1979,8164,177,4032,1944,5188
1980,6757,5593,4494,607,6558
1981,4190,2423,780,4823,37
1982,4409,930,1740,500,8809
1983,6292,9796,8114,9962,3245
1984,1798,6807,2717,2632,4474
1985,6786,2876,912,4811,7087
1986,8227,7868,6609,6505,224
1987,9637,9279,918,4544,8658
1988,8419,7635,7525,7393,1623
1989,5117,8979,4083,5442,7416
1990,7086,494,2856,4794,5148
1991,2610,6001,5975,6862,7920
1992,8765,7652,3271,9912,5548
1993,3498,2814,1288,3454,268
1994,1962,2006,75,9613,3490
1995,2651,4765,5772,1204,4561
1996,8772,1621,4800,7226,7492
1997,9935,5533,716,7481,4056
1998,9087,2500,3976,6759,9644
1999,8812,8554,1221,4828,9535
2000,9208,8626,2889,7596,2052
